Timestamp,User Count,Type,Name,Requests/s,Failures/s,50%,66%,75%,80%,90%,95%,98%,99%,99.9%,99.99%,100%,Total Request Count,Total Failure Count,Total Median Response Time,Total Average Response Time,Total Min Response Time,Total Max Response Time,Total Average Content Size
1669229050,0,,Aggregated,0.000000,0.000000,N/A,N/A,N/A,N/A,N/A,N/A,N/A,N/A,N/A,N/A,N/A,0,0,0,0.0,0,0,0
1669229051,1,,Aggregated,0.000000,0.000000,N/A,N/A,N/A,N/A,N/A,N/A,N/A,N/A,N/A,N/A,N/A,0,0,0,0.0,0,0,0
1669229052,2,,Aggregated,0.000000,0.000000,N/A,N/A,N/A,N/A,N/A,N/A,N/A,N/A,N/A,N/A,N/A,0,0,0,0.0,0,0,0
1669229053,3,,Aggregated,0.000000,0.000000,N/A,N/A,N/A,N/A,N/A,N/A,N/A,N/A,N/A,N/A,N/A,0,0,0,0.0,0,0,0
1669229054,4,,Aggregated,0.000000,0.000000,N/A,N/A,N/A,N/A,N/A,N/A,N/A,N/A,N/A,N/A,N/A,0,0,0,0.0,0,0,0
1669229055,5,,Aggregated,0.000000,0.000000,4800,4800,4800,4800,4800,4800,4800,4800,4800,4800,4800,1,0,4786.272272000133,4786.272272000133,4786.272272000133,4786.272272000133,133.0
1669229056,6,,Aggregated,0.000000,0.000000,4800,4800,4800,4800,4800,4800,4800,4800,4800,4800,4800,2,0,3346.9045030001325,4066.5883875001327,3346.9045030001325,4786.272272000133,133.0
1669229057,7,,Aggregated,0.000000,0.000000,4800,4800,5600,5600,5600,5600,5600,5600,5600,5600,5600,3,0,4800.0,4590.417351000117,3346.9045030001325,5638.075278000088,133.0
1669229058,8,,Aggregated,0.000000,0.000000,4800,4800,5600,5600,5600,5600,5600,5600,5600,5600,5600,4,0,4000.0,4449.594701500132,3346.9045030001325,5638.075278000088,133.0
1669229059,9,,Aggregated,0.285714,0.000000,4700,4700,4800,4800,5600,5600,5600,5600,5600,5600,5600,6,0,4000.0,4357.730402666751,3346.9045030001325,5638.075278000088,133.0
1669229060,10,,Aggregated,0.500000,0.000000,4600,4700,4800,4800,5600,5600,5600,5600,5600,5600,5600,7,0,4600.0,4396.541718142934,3346.9045030001325,5638.075278000088,133.0
1669229061,11,,Aggregated,0.444444,0.000000,4600,4700,4800,5300,5600,5600,5600,5600,5600,5600,5600,9,0,4600.0,4519.518788111175,3346.9045030001325,5638.075278000088,133.0
1669229062,12,,Aggregated,0.600000,0.000000,4600,4700,4800,4800,5300,5600,5600,5600,5600,5600,5600,11,0,4600.0,4329.3264933637065,2556.1538290003227,5638.075278000088,133.0
1669229063,13,,Aggregated,0.700000,0.000000,4600,4800,5300,5500,5600,5600,5600,5600,5600,5600,5600,13,0,4600.0,4518.574984615463,2556.1538290003227,5638.075278000088,133.0
1669229064,14,,Aggregated,1.000000,0.000000,4600,4800,5300,5500,5600,5600,5600,5600,5600,5600,5600,14,0,4600.0,4382.783936714337,2556.1538290003227,5638.075278000088,133.0
1669229065,15,,Aggregated,1.100000,0.000000,4700,5300,5600,5600,6000,6000,6000,6000,6000,6000,6000,16,0,4600.0,4578.822551125028,2556.1538290003227,5951.297740999962,133.0
1669229066,16,,Aggregated,1.300000,0.000000,4600,5300,5500,5600,6000,6000,6000,6000,6000,6000,6000,17,0,4600.0,4571.983153529425,2556.1538290003227,5951.297740999962,133.0
1669229067,17,,Aggregated,1.400000,0.000000,4700,5400,5600,5600,6000,8500,8500,8500,8500,8500,8500,19,0,4700.0,4820.24400205266,2556.1538290003227,8460.466729000018,133.0
1669229068,18,,Aggregated,1.400000,0.000000,4800,5300,5500,5600,6000,6000,8500,8500,8500,8500,8500,21,0,4800.0,4842.338803333361,2556.1538290003227,8460.466729000018,133.0
1669229069,19,,Aggregated,1.600000,0.000000,4800,5400,5600,5600,6000,8500,9600,9600,9600,9600,9600,22,0,4800.0,5058.498501045485,2556.1538290003227,9597.852153000076,133.0
1669229070,20,,Aggregated,1.500000,0.000000,4800,5400,5600,6000,7500,8500,9600,9600,9600,9600,9600,24,0,4800.0,5132.075562041696,2556.1538290003227,9597.852153000076,133.0
1669229071,21,,Aggregated,1.700000,0.000000,4800,5500,6000,6000,8500,9600,9800,9800,9800,9800,9800,27,0,4800.0,5382.369390666689,2556.1538290003227,9826.612920000116,133.0
1669229072,22,,Aggregated,1.700000,0.000000,4800,5500,6000,6000,8500,9600,9800,9800,9800,9800,9800,27,0,4800.0,5382.369390666689,2556.1538290003227,9826.612920000116,133.0
1669229073,23,,Aggregated,1.800000,0.000000,5300,5600,6000,8000,9600,9800,12000,12000,12000,12000,12000,30,0,5300.0,5735.87267796667,2556.1538290003227,12456.163652999749,133.0
1669229074,24,,Aggregated,1.700000,0.000000,5300,5600,6000,7500,8500,9800,12000,12000,12000,12000,12000,31,0,5300.0,5730.221478806457,2556.1538290003227,12456.163652999749,133.0
1669229075,25,,Aggregated,1.700000,0.000000,5400,6000,7500,8300,9800,12000,13000,13000,13000,13000,13000,33,0,5400.0,6085.263414515161,2556.1538290003227,12660.036162000324,133.0
1669229076,26,,Aggregated,1.700000,0.000000,5500,6000,7500,8300,9800,12000,13000,13000,13000,13000,13000,34,0,5400.0,6073.664526941176,2556.1538290003227,12660.036162000324,133.0
1669229077,27,,Aggregated,1.700000,0.000000,5600,6000,8000,8500,11000,13000,13000,13000,13000,13000,13000,37,0,5600.0,6377.650553081084,2556.1538290003227,13091.920932999983,133.0
1669229078,28,,Aggregated,1.800000,0.000000,5600,6600,8300,9300,11000,13000,13000,13000,13000,13000,13000,38,0,5600.0,6454.694956236847,2556.1538290003227,13091.920932999983,133.0
1669229079,29,,Aggregated,1.700000,0.000000,5600,7400,8500,9600,12000,13000,13000,13000,13000,13000,13000,40,0,5600.0,6650.036480525001,2556.1538290003227,13337.42513900006,133.0
1669229080,30,,Aggregated,1.800000,0.000000,5600,7500,8500,9600,11000,13000,13000,13000,13000,13000,13000,41,0,5600.0,6749.537022243902,2556.1538290003227,13337.42513900006,133.0
1669229081,31,,Aggregated,1.800000,0.000000,5700,7500,9000,9600,11000,13000,13000,13000,13000,13000,13000,42,0,5600.0,6803.714600595241,2556.1538290003227,13337.42513900006,133.0
1669229082,32,,Aggregated,1.700000,0.000000,6000,8300,9300,9800,12000,13000,16000,16000,16000,16000,16000,45,0,6000.0,7184.830954644441,2556.1538290003227,16151.850469999772,133.0
1669229083,33,,Aggregated,1.700000,0.000000,6000,8500,9600,9800,13000,13000,16000,16000,16000,16000,16000,46,0,6000.0,7303.709455673907,2556.1538290003227,16151.850469999772,133.0
1669229084,34,,Aggregated,1.700000,0.000000,6000,9000,9800,11000,13000,13000,16000,16000,16000,16000,16000,48,0,6000.0,7564.299560333327,2556.1538290003227,16151.850469999772,133.0
1669229085,35,,Aggregated,1.700000,0.000000,6000,9300,9800,11000,13000,13000,16000,16000,16000,16000,16000,49,0,6000.0,7623.3026194489685,2556.1538290003227,16151.850469999772,133.0
1669229086,36,,Aggregated,1.800000,0.000000,6600,9300,11000,11000,13000,16000,16000,18000,18000,18000,18000,51,0,6600.0,7984.920705372545,2556.1538290003227,17711.105489000147,133.0
1669229087,37,,Aggregated,1.700000,0.000000,7400,9300,11000,11000,13000,16000,16000,18000,18000,18000,18000,52,0,6600.0,7989.39844642307,2556.1538290003227,17711.105489000147,133.0
1669229088,38,,Aggregated,1.500000,0.000000,7400,9300,11000,12000,13000,16000,18000,21000,21000,21000,21000,53,0,7400.0,8226.26756120754,2556.1538290003227,20543.46153000006,133.0
1669229089,39,,Aggregated,1.600000,0.000000,7500,9800,11000,12000,16000,16000,18000,21000,21000,21000,21000,55,0,7500.0,8417.252358199992,2556.1538290003227,20543.46153000006,133.0
1669229090,40,,Aggregated,1.500000,0.000000,8000,9800,11000,12000,16000,17000,18000,21000,21000,21000,21000,57,0,8000.0,8609.743963157895,2556.1538290003227,20543.46153000006,133.0
1669229091,41,,Aggregated,1.500000,0.000000,8200,10000,11000,13000,16000,17000,18000,21000,21000,21000,21000,58,0,8000.0,8745.698395982754,2556.1538290003227,20543.46153000006,133.0
1669229092,42,,Aggregated,1.500000,0.000000,8300,11000,12000,13000,16000,17000,19000,21000,21000,21000,21000,61,0,8300.0,9098.980165508194,2556.1538290003227,20543.46153000006,133.0
1669229093,43,,Aggregated,1.600000,0.000000,8500,11000,12000,13000,16000,17000,19000,21000,21000,21000,21000,62,0,8300.0,9177.309646387095,2556.1538290003227,20543.46153000006,133.0
1669229094,44,,Aggregated,1.400000,0.000000,8500,11000,13000,13000,16000,18000,20000,21000,21000,21000,21000,63,0,8500.0,9341.675310476186,2556.1538290003227,20543.46153000006,133.0
1669229095,45,,Aggregated,1.600000,0.000000,9000,11000,13000,15000,17000,19000,20000,21000,21000,21000,21000,65,0,9000.0,9572.437822599995,2556.1538290003227,20543.46153000006,133.0
1669229096,46,,Aggregated,1.400000,0.000000,9300,12000,13000,16000,18000,20000,20000,21000,21000,21000,21000,67,0,9300.0,9884.474697089547,2556.1538290003227,20543.46153000006,133.0
1669229097,47,,Aggregated,1.400000,0.000000,9300,12000,13000,16000,18000,20000,20000,21000,21000,21000,21000,68,0,9300.0,9930.609818705876,2556.1538290003227,20543.46153000006,133.0
1669229098,48,,Aggregated,1.600000,0.000000,9300,12000,13000,16000,19000,20000,21000,21000,21000,21000,21000,69,0,9300.0,10091.92648476811,2556.1538290003227,21061.459776999982,133.0
1669229099,49,,Aggregated,1.700000,0.000000,9800,13000,15000,16000,19000,21000,21000,22000,22000,22000,22000,72,0,9600.0,10479.602370291663,2556.1538290003227,21797.563162000188,133.0
1669229100,50,,Aggregated,1.700000,0.000000,9800,13000,15000,16000,20000,21000,22000,23000,23000,23000,23000,74,0,9800.0,10703.781080716215,2556.1538290003227,22929.823381000006,133.0
1669229101,51,,Aggregated,1.800000,0.000000,9800,13000,16000,16000,20000,21000,22000,23000,23000,23000,23000,75,0,9800.0,10833.46274484,2556.1538290003227,22929.823381000006,133.0
1669229102,52,,Aggregated,1.700000,0.000000,10000,13000,16000,17000,20000,21000,23000,24000,24000,24000,24000,77,0,10000.0,11088.96835461039,2556.1538290003227,24179.44528099997,133.0
1669229103,53,,Aggregated,1.600000,0.000000,10000,13000,16000,17000,20000,22000,23000,24000,24000,24000,24000,78,0,10000.0,11226.623389910257,2556.1538290003227,24179.44528099997,133.0
1669229104,54,,Aggregated,1.800000,0.000000,10000,14000,16000,17000,20000,22000,23000,24000,24000,24000,24000,79,0,10000.0,11293.001958151897,2556.1538290003227,24179.44528099997,133.0
1669229105,55,,Aggregated,1.600000,0.000000,11000,15000,16000,17000,21000,22000,24000,24000,24000,24000,24000,81,0,11000.0,11602.828913222223,2556.1538290003227,24179.44528099997,133.0
1669229106,56,,Aggregated,1.600000,0.000000,11000,15000,16000,17000,21000,22000,24000,24000,24000,24000,24000,82,0,11000.0,11663.61164712195,2556.1538290003227,24179.44528099997,133.0
1669229107,57,,Aggregated,1.500000,0.000000,11000,15000,17000,18000,21000,23000,24000,25000,25000,25000,25000,84,0,11000.0,11882.287765988089,2556.1538290003227,24553.336405999744,133.0
1669229108,58,,Aggregated,1.500000,0.000000,11000,16000,17000,19000,21000,24000,25000,25000,25000,25000,25000,85,0,11000.0,12041.273609529406,2556.1538290003227,25396.084467000037,133.0
1669229109,59,,Aggregated,1.400000,0.000000,11000,16000,17000,19000,22000,24000,25000,26000,26000,26000,26000,87,0,11000.0,12274.72387572413,2556.1538290003227,25597.707525999795,133.0
1669229110,60,,Aggregated,1.600000,0.000000,12000,16000,17000,19000,22000,24000,25000,26000,26000,26000,26000,88,0,11000.0,12411.78607577272,2556.1538290003227,25597.707525999795,133.0
1669229111,61,,Aggregated,1.600000,0.000000,12000,16000,17000,19000,22000,24000,25000,26000,26000,26000,26000,88,0,11000.0,12411.78607577272,2556.1538290003227,25597.707525999795,133.0
1669229112,62,,Aggregated,1.500000,0.000000,12000,16000,18000,20000,23000,24000,26000,28000,28000,28000,28000,90,0,12000.0,12663.483916944439,2556.1538290003227,28224.342001999958,133.0
1669229113,63,,Aggregated,1.500000,0.000000,12000,16000,18000,20000,23000,24000,26000,28000,28000,28000,28000,90,0,12000.0,12663.483916944439,2556.1538290003227,28224.342001999958,133.0
1669229114,64,,Aggregated,1.300000,0.000000,12000,16000,19000,20000,23000,25000,28000,28000,28000,28000,28000,92,0,12000.0,12927.859230510865,2556.1538290003227,28224.342001999958,133.0
1669229115,65,,Aggregated,1.300000,0.000000,12000,16000,19000,20000,23000,25000,28000,28000,28000,28000,28000,92,0,12000.0,12927.859230510865,2556.1538290003227,28224.342001999958,133.0
1669229116,66,,Aggregated,1.300000,0.000000,12000,16000,19000,20000,23000,25000,28000,28000,28000,28000,28000,92,0,12000.0,12927.859230510865,2556.1538290003227,28224.342001999958,133.0
1669229117,67,,Aggregated,1.300000,0.000000,12000,16000,19000,20000,24000,25000,28000,32000,32000,32000,32000,93,0,12000.0,13130.596112279562,2556.1538290003227,31782.389234999755,133.0
1669229118,68,,Aggregated,1.300000,0.000000,12000,16000,19000,20000,24000,25000,28000,32000,32000,32000,32000,93,0,12000.0,13130.596112279562,2556.1538290003227,31782.389234999755,133.0
1669229119,69,,Aggregated,1.000000,0.000000,13000,17000,19000,20000,24000,25000,28000,32000,32000,32000,32000,94,0,12000.0,13258.227580670204,2556.1538290003227,31782.389234999755,133.0
1669229120,70,,Aggregated,1.000000,0.000000,13000,17000,19000,20000,24000,25000,28000,32000,32000,32000,32000,94,0,12000.0,13258.227580670204,2556.1538290003227,31782.389234999755,133.0
1669229121,71,,Aggregated,0.800000,0.000000,13000,17000,19000,21000,24000,26000,32000,34000,34000,34000,34000,95,0,13000.0,13471.33144770525,2556.1538290003227,33503.09494899966,133.0
1669229122,72,,Aggregated,0.800000,0.000000,13000,17000,19000,21000,24000,26000,32000,34000,34000,34000,34000,95,0,13000.0,13471.33144770525,2556.1538290003227,33503.09494899966,133.0
1669229123,73,,Aggregated,0.800000,0.000000,13000,17000,19000,21000,24000,26000,32000,34000,34000,34000,34000,95,0,13000.0,13471.33144770525,2556.1538290003227,33503.09494899966,133.0
1669229124,74,,Aggregated,0.600000,0.000000,13000,17000,20000,21000,24000,28000,34000,38000,38000,38000,38000,96,0,13000.0,13722.855997718734,2556.1538290003227,37617.68824899991,133.0
1669229125,75,,Aggregated,0.600000,0.000000,13000,17000,20000,21000,25000,28000,34000,38000,38000,38000,38000,97,0,13000.0,13891.216833556686,2556.1538290003227,37617.68824899991,133.0
1669229126,76,,Aggregated,0.500000,0.000000,13000,17000,20000,21000,25000,30000,37000,38000,38000,38000,38000,98,0,13000.0,14123.162235010192,2556.1538290003227,37617.68824899991,133.0
1669229127,77,,Aggregated,0.500000,0.000000,13000,17000,20000,22000,26000,33000,38000,39000,40000,40000,40000,101,0,13000.0,14804.699188970286,2556.1538290003227,39511.389933999904,133.0
1669229128,78,,Aggregated,0.600000,0.000000,13000,18000,21000,22000,28000,33000,38000,39000,40000,40000,40000,102,0,13000.0,14975.505611176457,2556.1538290003227,39511.389933999904,133.0
1669229129,79,,Aggregated,0.600000,0.000000,14000,19000,21000,24000,30000,37000,39000,40000,40000,40000,40000,104,0,13000.0,15445.549815317294,2556.1538290003227,39815.91495000021,133.0
1669229130,80,,Aggregated,0.800000,0.000000,14000,19000,21000,24000,32000,37000,39000,40000,40000,40000,40000,105,0,14000.0,15628.395401047606,2556.1538290003227,39815.91495000021,133.0
1669229131,81,,Aggregated,0.800000,0.000000,15000,19000,22000,24000,33000,39000,40000,40000,41000,41000,41000,107,0,15000.0,16084.401442149523,2556.1538290003227,40844.809532,133.0
1669229132,82,,Aggregated,1.000000,0.000000,15000,19000,22000,24000,34000,39000,40000,40000,41000,41000,41000,108,0,15000.0,16253.336877537025,2556.1538290003227,40844.809532,133.0
1669229133,83,,Aggregated,1.000000,0.000000,15000,20000,24000,25000,35000,39000,40000,41000,41000,41000,41000,111,0,15000.0,16843.131561765756,2556.1538290003227,41035.0053850002,133.0
1669229134,84,,Aggregated,1.000000,0.000000,15000,20000,24000,25000,35000,39000,40000,41000,41000,41000,41000,111,0,15000.0,16843.131561765756,2556.1538290003227,41035.0053850002,133.0
1669229135,85,,Aggregated,1.300000,0.000000,16000,20000,24000,28000,37000,40000,41000,41000,43000,43000,43000,114,0,16000.0,17434.27576549999,2556.1538290003227,43378.830627999836,133.0
1669229136,86,,Aggregated,1.300000,0.000000,16000,20000,24000,28000,37000,40000,41000,41000,43000,43000,43000,114,0,16000.0,17434.27576549999,2556.1538290003227,43378.830627999836,133.0
1669229137,87,,Aggregated,1.400000,0.000000,16000,21000,25000,30000,38000,40000,41000,43000,43000,43000,43000,117,0,16000.0,18004.298299051272,2556.1538290003227,43378.830627999836,133.0
1669229138,88,,Aggregated,1.600000,0.000000,16000,21000,25000,32000,38000,40000,41000,43000,43000,43000,43000,118,0,16000.0,18172.540894415244,2556.1538290003227,43378.830627999836,133.0
1669229139,89,,Aggregated,1.800000,0.000000,16000,22000,26000,33000,39000,41000,43000,43000,45000,45000,45000,120,0,16000.0,18590.75809247499,2556.1538290003227,45462.11384499975,133.0
1669229140,90,,Aggregated,1.600000,0.000000,16000,22000,28000,34000,39000,41000,43000,44000,45000,45000,45000,122,0,16000.0,18959.55457482786,2556.1538290003227,45462.11384499975,133.0
1669229141,91,,Aggregated,1.600000,0.000000,16000,22000,28000,34000,39000,41000,43000,44000,45000,45000,45000,123,0,16000.0,19122.054910731695,2556.1538290003227,45462.11384499975,133.0
1669229142,92,,Aggregated,1.600000,0.000000,17000,23000,30000,35000,39000,41000,44000,45000,46000,46000,46000,125,0,17000.0,19510.466563023994,2556.1538290003227,45940.704791000375,133.0
1669229143,93,,Aggregated,1.700000,0.000000,17000,24000,32000,35000,40000,41000,44000,45000,46000,46000,46000,126,0,17000.0,19678.47802728571,2556.1538290003227,45940.704791000375,133.0
1669229144,94,,Aggregated,1.700000,0.000000,17000,24000,33000,37000,40000,42000,45000,46000,47000,47000,47000,129,0,17000.0,20220.9484464341,2556.1538290003227,46680.32696199998,133.0
1669229145,95,,Aggregated,1.700000,0.000000,17000,24000,33000,37000,40000,42000,45000,46000,47000,47000,47000,129,0,17000.0,20220.9484464341,2556.1538290003227,46680.32696199998,133.0
1669229146,96,,Aggregated,1.500000,0.000000,17000,25000,35000,38000,41000,43000,46000,47000,47000,47000,47000,132,0,17000.0,20737.778021174232,2556.1538290003227,46691.99039800014,133.0
1669229147,97,,Aggregated,1.500000,0.000000,17000,25000,35000,38000,41000,43000,46000,47000,47000,47000,47000,132,0,17000.0,20737.778021174232,2556.1538290003227,46691.99039800014,133.0
1669229148,98,,Aggregated,1.500000,0.000000,18000,25000,35000,38000,41000,44000,47000,47000,47000,47000,47000,134,0,17000.0,21111.161098126857,2556.1538290003227,47304.237865000236,133.0
1669229149,99,,Aggregated,1.600000,0.000000,18000,25000,35000,39000,41000,44000,47000,47000,47000,47000,47000,135,0,18000.0,21294.765823725913,2556.1538290003227,47304.237865000236,133.0
1669229150,100,,Aggregated,1.600000,0.000000,19000,26000,37000,39000,41000,44000,47000,47000,47000,47000,47000,137,0,19000.0,21607.463741496336,2556.1538290003227,47304.237865000236,133.0
1669229151,100,,Aggregated,1.600000,0.000000,19000,28000,37000,39000,42000,45000,47000,47000,47000,47000,47000,138,0,19000.0,21782.20791483332,2556.1538290003227,47304.237865000236,133.0
1669229152,100,,Aggregated,1.600000,0.000000,19000,28000,38000,39000,42000,46000,47000,47000,47000,47000,47000,139,0,19000.0,21962.069619561138,2556.1538290003227,47304.237865000236,133.0
1669229153,100,,Aggregated,1.500000,0.000000,19000,30000,38000,39000,43000,46000,47000,47000,47000,47000,47000,141,0,19000.0,22297.676589255305,2556.1538290003227,47472.789513999945,133.0
1669229154,100,,Aggregated,1.400000,0.000000,19000,30000,38000,40000,43000,46000,47000,47000,47000,47000,47000,142,0,19000.0,22471.71696769717,2556.1538290003227,47472.789513999945,133.0
1669229155,100,,Aggregated,1.400000,0.000000,20000,32000,39000,40000,44000,46000,47000,47000,47000,47000,47000,144,0,19000.0,22796.460530694436,2556.1538290003227,47472.789513999945,133.0
1669229156,100,,Aggregated,1.500000,0.000000,20000,33000,39000,40000,44000,47000,47000,47000,49000,49000,49000,146,0,20000.0,23140.615555479442,2556.1538290003227,48959.930742000324,133.0
1669229157,100,,Aggregated,1.500000,0.000000,20000,34000,39000,40000,44000,47000,47000,47000,49000,49000,49000,147,0,20000.0,23276.32559312924,2556.1538290003227,48959.930742000324,133.0
1669229158,100,,Aggregated,1.500000,0.000000,20000,35000,39000,41000,45000,47000,48000,49000,51000,51000,51000,150,0,20000.0,23764.84921947999,2556.1538290003227,50999.5890780001,133.0
1669229159,100,,Aggregated,1.500000,0.000000,20000,35000,39000,41000,45000,47000,48000,49000,51000,51000,51000,150,0,20000.0,23764.84921947999,2556.1538290003227,50999.5890780001,133.0
1669229160,100,,Aggregated,1.400000,0.000000,21000,35000,40000,41000,45000,47000,48000,49000,51000,51000,51000,152,0,20000.0,24056.26809736841,2556.1538290003227,50999.5890780001,133.0
1669229161,100,,Aggregated,1.400000,0.000000,21000,35000,40000,41000,46000,47000,48000,51000,52000,52000,52000,153,0,21000.0,24239.947885816982,2556.1538290003227,52159.275729999994,133.0
1669229162,100,,Aggregated,1.400000,0.000000,21000,37000,40000,42000,46000,47000,49000,51000,52000,52000,52000,156,0,21000.0,24658.799198884608,2556.1538290003227,52159.275729999994,133.0
1669229163,100,,Aggregated,1.600000,0.000000,21000,37000,40000,42000,46000,47000,49000,51000,52000,52000,52000,157,0,21000.0,24774.390042057315,2556.1538290003227,52159.275729999994,133.0
1669229164,100,,Aggregated,1.500000,0.000000,22000,38000,41000,43000,46000,47000,50000,52000,52000,52000,52000,158,0,21000.0,24949.34282341771,2556.1538290003227,52416.92949699973,133.0
1669229165,100,,Aggregated,1.700000,0.000000,22000,38000,41000,43000,46000,47000,50000,52000,52000,52000,52000,160,0,22000.0,25197.436636131242,2556.1538290003227,52416.92949699973,133.0
1669229166,100,,Aggregated,1.600000,0.000000,22000,38000,41000,43000,46000,47000,51000,52000,54000,54000,54000,162,0,22000.0,25470.5302231111,2556.1538290003227,53653.47650300009,133.0
1669229167,100,,Aggregated,1.400000,0.000000,22000,38000,41000,43000,47000,47000,51000,52000,54000,54000,54000,163,0,22000.0,25605.09338568097,2556.1538290003227,53653.47650300009,133.0
1669229168,100,,Aggregated,1.600000,0.000000,23000,39000,41000,43000,47000,48000,52000,54000,54000,54000,54000,165,0,23000.0,25886.007154199993,2556.1538290003227,53927.64295699999,133.0
1669229169,100,,Aggregated,1.500000,0.000000,24000,39000,41000,43000,47000,48000,52000,54000,54000,54000,54000,166,0,23000.0,26009.66653942168,2556.1538290003227,53927.64295699999,133.0
1669229170,100,,Aggregated,1.600000,0.000000,24000,39000,42000,44000,47000,48000,52000,54000,56000,56000,56000,168,0,24000.0,26296.43311214285,2556.1538290003227,55967.612427999935,133.0
1669229171,100,,Aggregated,1.500000,0.000000,24000,39000,43000,44000,47000,48000,52000,54000,56000,56000,56000,170,0,24000.0,26519.108844294115,2556.1538290003227,55967.612427999935,133.0
1669229172,100,,Aggregated,1.700000,0.000000,24000,40000,43000,44000,47000,49000,54000,56000,57000,57000,57000,172,0,24000.0,26821.22258705232,2556.1538290003227,57014.6255730001,133.0
1669229173,100,,Aggregated,1.700000,0.000000,24000,40000,43000,44000,47000,49000,54000,56000,57000,57000,57000,172,0,24000.0,26821.22258705232,2556.1538290003227,57014.6255730001,133.0
1669229174,100,,Aggregated,1.700000,0.000000,25000,40000,43000,44000,47000,51000,54000,57000,57000,57000,57000,176,0,25000.0,27348.75370401136,2556.1538290003227,57114.60380300014,133.0
1669229175,100,,Aggregated,1.700000,0.000000,25000,40000,43000,44000,47000,51000,54000,57000,57000,57000,57000,176,0,25000.0,27348.75370401136,2556.1538290003227,57114.60380300014,133.0
1669229176,100,,Aggregated,1.600000,0.000000,25000,40000,43000,44000,47000,51000,54000,57000,57000,57000,57000,178,0,25000.0,27578.527990483144,2556.1538290003227,57114.60380300014,133.0
1669229177,100,,Aggregated,1.800000,0.000000,25000,41000,44000,45000,47000,51000,56000,57000,57000,57000,57000,179,0,25000.0,27742.25841347486,2556.1538290003227,57114.60380300014,133.0
1669229178,100,,Aggregated,1.600000,0.000000,26000,41000,44000,45000,47000,51000,56000,57000,57000,57000,57000,181,0,26000.0,27992.79356242542,2556.1538290003227,57114.60380300014,133.0
1669229179,100,,Aggregated,1.600000,0.000000,28000,41000,44000,46000,48000,51000,56000,57000,57000,57000,57000,183,0,28000.0,28244.62213645356,2556.1538290003227,57114.60380300014,133.0
1669229180,100,,Aggregated,1.600000,0.000000,28000,41000,44000,46000,48000,51000,56000,57000,57000,57000,57000,184,0,28000.0,28354.78244425544,2556.1538290003227,57114.60380300014,133.0
1669229181,100,,Aggregated,1.600000,0.000000,30000,41000,44000,46000,49000,52000,56000,57000,57000,57000,57000,187,0,30000.0,28707.181241406426,2556.1538290003227,57114.60380300014,133.0
1669229182,100,,Aggregated,1.600000,0.000000,30000,41000,44000,46000,49000,52000,56000,57000,57000,57000,57000,187,0,30000.0,28707.181241406426,2556.1538290003227,57114.60380300014,133.0
1669229183,100,,Aggregated,1.500000,0.000000,32000,42000,44000,47000,49000,52000,56000,57000,57000,57000,57000,190,0,32000.0,29056.975386736856,2556.1538290003227,57114.60380300014,133.0
1669229184,100,,Aggregated,1.700000,0.000000,33000,42000,45000,47000,49000,52000,56000,57000,57000,57000,57000,192,0,32000.0,29285.755235520846,2556.1538290003227,57114.60380300014,133.0
1669229185,100,,Aggregated,1.500000,0.000000,33000,43000,45000,47000,50000,52000,56000,57000,57000,57000,57000,193,0,33000.0,29416.92057068395,2556.1538290003227,57114.60380300014,133.0
1669229186,100,,Aggregated,1.700000,0.000000,34000,43000,46000,47000,50000,52000,56000,57000,57000,57000,57000,195,0,34000.0,29630.14179707181,2556.1538290003227,57114.60380300014,133.0
1669229187,100,,Aggregated,1.600000,0.000000,34000,43000,46000,47000,51000,53000,56000,57000,57000,57000,57000,196,0,34000.0,29752.55098711226,2556.1538290003227,57114.60380300014,133.0
1669229188,100,,Aggregated,1.700000,0.000000,35000,43000,46000,47000,51000,53000,56000,57000,57000,57000,57000,198,0,34000.0,29951.412982131325,2556.1538290003227,57114.60380300014,133.0
1669229189,100,,Aggregated,1.700000,0.000000,35000,43000,46000,47000,51000,54000,56000,57000,57000,57000,57000,199,0,35000.0,30081.89851520102,2556.1538290003227,57114.60380300014,133.0
1669229190,100,,Aggregated,1.700000,0.000000,35000,43000,46000,47000,51000,54000,56000,57000,57000,57000,57000,201,0,35000.0,30285.220859905483,2556.1538290003227,57114.60380300014,133.0
1669229191,100,,Aggregated,1.700000,0.000000,35000,43000,46000,47000,51000,54000,56000,57000,57000,57000,57000,202,0,35000.0,30414.918279242585,2556.1538290003227,57114.60380300014,133.0
1669229192,100,,Aggregated,1.600000,0.000000,35000,43000,46000,47000,51000,54000,56000,57000,57000,57000,57000,203,0,35000.0,30537.614920073906,2556.1538290003227,57114.60380300014,133.0
1669229193,100,,Aggregated,1.700000,0.000000,37000,44000,47000,47000,52000,54000,56000,57000,59000,59000,59000,206,0,37000.0,30892.150478796128,2556.1538290003227,58784.113486000024,133.0
1669229194,100,,Aggregated,1.500000,0.000000,37000,44000,47000,47000,52000,54000,56000,57000,59000,59000,59000,207,0,37000.0,30984.90549894204,2556.1538290003227,58784.113486000024,133.0
1669229195,100,,Aggregated,1.500000,0.000000,37000,44000,47000,47000,52000,54000,56000,57000,59000,59000,59000,207,0,37000.0,30984.90549894204,2556.1538290003227,58784.113486000024,133.0
1669229196,100,,Aggregated,1.600000,0.000000,38000,44000,47000,48000,52000,55000,57000,58000,59000,59000,59000,210,0,38000.0,31338.308369257156,2556.1538290003227,59123.09823999976,133.0
1669229197,100,,Aggregated,1.500000,0.000000,38000,44000,47000,48000,52000,56000,58000,59000,61000,61000,61000,212,0,38000.0,31604.3093408302,2556.1538290003227,60800.47276699997,133.0
1669229198,100,,Aggregated,1.600000,0.000000,38000,44000,47000,48000,52000,56000,58000,59000,61000,61000,61000,213,0,38000.0,31699.580671680764,2556.1538290003227,60800.47276699997,133.0
1669229199,100,,Aggregated,1.500000,0.000000,38000,44000,47000,49000,53000,56000,58000,59000,61000,61000,61000,215,0,38000.0,31926.861775344194,2556.1538290003227,60800.47276699997,133.0
1669229200,100,,Aggregated,1.600000,0.000000,39000,44000,47000,49000,53000,56000,59000,59000,61000,61000,61000,216,0,38000.0,32052.90527330093,2556.1538290003227,60800.47276699997,133.0
1669229201,100,,Aggregated,1.500000,0.000000,39000,45000,47000,49000,54000,57000,59000,59000,63000,63000,63000,218,0,39000.0,32298.869544463305,2556.1538290003227,63371.739259000155,133.0
1669229202,100,,Aggregated,1.600000,0.000000,39000,45000,47000,49000,54000,57000,59000,61000,63000,63000,63000,219,0,39000.0,32428.481896305937,2556.1538290003227,63371.739259000155,133.0
1669229203,100,,Aggregated,1.600000,0.000000,39000,45000,47000,50000,54000,57000,59000,61000,63000,63000,63000,220,0,39000.0,32530.840494450003,2556.1538290003227,63371.739259000155,133.0
1669229204,100,,Aggregated,1.600000,0.000000,39000,46000,48000,50000,54000,57000,61000,62000,66000,66000,66000,223,0,39000.0,32918.09112627803,2556.1538290003227,65507.54087600035,133.0
1669229205,100,,Aggregated,1.600000,0.000000,39000,46000,48000,50000,54000,57000,61000,62000,66000,66000,66000,223,0,39000.0,32918.09112627803,2556.1538290003227,65507.54087600035,133.0
1669229206,100,,Aggregated,1.400000,0.000000,40000,46000,48000,50000,55000,58000,62000,63000,66000,66000,66000,226,0,39000.0,33299.64769531416,2556.1538290003227,65853.15086500032,133.0
1669229207,100,,Aggregated,1.600000,0.000000,40000,46000,49000,51000,56000,59000,63000,63000,66000,66000,66000,228,0,40000.0,33539.797976140355,2556.1538290003227,65853.15086500032,133.0
1669229208,100,,Aggregated,1.400000,0.000000,40000,46000,49000,51000,56000,59000,63000,66000,69000,69000,69000,229,0,40000.0,33693.63177513537,2556.1538290003227,68767.73794600012,133.0
1669229209,100,,Aggregated,1.600000,0.000000,40000,46000,49000,51000,56000,59000,63000,66000,69000,69000,69000,231,0,40000.0,33916.58060400866,2556.1538290003227,68767.73794600012,133.0
1669229210,100,,Aggregated,1.600000,0.000000,40000,47000,49000,52000,57000,61000,63000,66000,70000,70000,70000,234,0,40000.0,34283.90694239316,2556.1538290003227,69689.80083800034,133.0
1669229211,100,,Aggregated,1.600000,0.000000,40000,47000,49000,52000,57000,61000,63000,66000,70000,70000,70000,234,0,40000.0,34283.90694239316,2556.1538290003227,69689.80083800034,133.0
1669229212,100,,Aggregated,1.600000,0.000000,41000,47000,50000,52000,57000,61000,66000,69000,71000,71000,71000,237,0,41000.0,34641.9900737173,2556.1538290003227,70524.30479800023,133.0
1669229213,100,,Aggregated,1.600000,0.000000,41000,47000,50000,52000,57000,61000,66000,69000,71000,71000,71000,237,0,41000.0,34641.9900737173,2556.1538290003227,70524.30479800023,133.0
1669229214,100,,Aggregated,1.600000,0.000000,41000,47000,50000,53000,58000,61000,66000,69000,71000,71000,71000,240,0,41000.0,34979.04176884167,2556.1538290003227,70524.30479800023,133.0
1669229215,100,,Aggregated,1.600000,0.000000,41000,47000,50000,53000,58000,61000,66000,69000,71000,71000,71000,240,0,41000.0,34979.04176884167,2556.1538290003227,70524.30479800023,133.0
1669229216,100,,Aggregated,1.700000,0.000000,41000,47000,51000,53000,58000,61000,69000,70000,71000,71000,71000,243,0,41000.0,35316.74337948972,2556.1538290003227,70524.30479800023,133.0
1669229217,100,,Aggregated,1.700000,0.000000,41000,47000,51000,54000,58000,61000,69000,70000,71000,71000,71000,244,0,41000.0,35399.04777566805,2556.1538290003227,70524.30479800023,133.0
1669229218,100,,Aggregated,1.700000,0.000000,41000,47000,51000,54000,58000,61000,69000,70000,71000,71000,71000,245,0,41000.0,35537.96706130206,2556.1538290003227,70524.30479800023,133.0
1669229219,100,,Aggregated,1.700000,0.000000,41000,47000,51000,54000,58000,61000,69000,70000,71000,71000,71000,246,0,41000.0,35618.94859909757,2556.1538290003227,70524.30479800023,133.0
1669229220,100,,Aggregated,1.600000,0.000000,41000,47000,52000,54000,58000,62000,69000,70000,71000,71000,71000,249,0,41000.0,35945.972798056246,2556.1538290003227,70534.49370900035,133.0
